Time (%),Total Time (ns),Instances,Avg (ns),Med (ns),Min (ns),Max (ns),StdDev (ns),Name
46.6,8326617890,4558,1826813.9,1857413.0,63294,3984994,1421796.0,ampere_bf16_s1688gemm_bf16_128x128_ldg8_f2f_stages_32x1_tn
17.6,3138306646,18870,166312.0,227129.0,28031,1979010,275092.7,void cutlass::Kernel2<cutlass_80_wmma_tensorop_bf16_s161616gemm_bf16_16x16_128x1_tn_align8>(T1::Params)
9.7,1727684597,1762,980524.7,1161468.0,142460,1262840,298122.7,"void flash::flash_fwd_splitkv_kernel<Flash_fwd_kernel_traits<(int)128, (int)64, (int)128, (int)4, (bool)0, (bool)0, cutlass::bfloat16_t, Flash_kernel_traits<(int)128, (int)64, (int)128, (int)4, cutlass::bfloat16_t>>, (bool)1, (bool)0, (bool)0, (bool)0, (bool)1, (bool)0, (bool)0, (bool)0>(flash::Flash_fwd_params)"
7.5,1348754183,9240,145969.1,144444.0,137276,187962,7073.0,"void flash::flash_fwd_splitkv_kernel<Flash_fwd_kernel_traits<(int)128, (int)64, (int)128, (int)4, (bool)0, (bool)0, cutlass::bfloat16_t, Flash_kernel_traits<(int)128, (int)64, (int)128, (int)4, cutlass::bfloat16_t>>, (bool)0, (bool)0, (bool)0, (bool)0, (bool)1, (bool)0, (bool)1, (bool)0>(flash::Flash_fwd_params)"
7.0,1252701894,18480,67786.9,71773.5,21183,115357,45828.2,void cutlass::Kernel2<cutlass_80_wmma_tensorop_bf16_s161616gemm_bf16_16x16_128x2_tn_align8>(T1::Params)
3.5,630239121,11058,56994.0,3200.0,3008,439122,138869.7,"void vllm::act_and_mul_kernel<c10::BFloat16, __nv_bfloat162, &vllm::silu_kernel<c10::BFloat16>, &vllm::packed_silu_kernel<__nv_bfloat162>, (bool)1, (bool)1, (bool)0, (bool)0>(T1 *, const T1 *, int, float, float, float)"
3.5,629393802,1511,416541.2,444082.0,71454,475410,87520.6,ampere_bf16_s1688gemm_bf16_128x128_ldg8_relu_f2f_stages_32x1_tn
0.8,138130513,22116,6245.7,1951.0,1727,77470,11709.5,"std::enable_if<T2>(int)0&&vllm::_typeConvert<T1>::exists, void>::type vllm::fused_add_rms_norm_kernel<c10::BFloat16, (int)8, (bool)1>(T1 *, long, T1 *, const T1 *, float, int, int)"
0.7,117647165,11058,10639.1,1920.0,1759,73374,22751.5,"void vllm::rotary_embedding_kernel<c10::BFloat16, c10::BFloat16, (bool)1>(const long *, T1 *, T1 *, const T2 *, int, long, long, long, int, int, int, long, bool)"
0.6,98540992,84,1173107.0,1172939.0,938018,1408179,192152.4,ampere_bf16_s16816gemm_bf16_128x128_ldg8_f2f_stages_64x3_tn
0.5,90282001,224,403044.6,240169.0,233017,683531,214873.5,ampere_bf16_s1688gemm_bf16_128x64_sliced1x2_ldg8_f2f_tn
0.2,43829139,11030,3973.6,1824.0,1568,20895,5631.9,"void vllm::reshape_and_cache_flash_kernel<__nv_bfloat16, __nv_bfloat16, (vllm::Fp8KVCacheDataType)0>(const T1 *, const T1 *, T2 *, T2 *, const long *, long, long, long, long, long, int, int, int, const float *, const float *, int)"
0.2,41416232,393,105384.8,94429.0,19647,2276824,153476.3,"void flashinfer::sampling::RadixTopKMaskLogitsKernel_MultiCTA<(unsigned int)1024, (unsigned int)4, (bool)0, float, int>(T4 *, T4 *, T5 *, unsigned int, unsigned int, unsigned int, flashinfer::sampling::RadixRowState *, unsigned int, unsigned int)"
0.2,37024466,18536,1997.4,1952.0,1824,5728,211.2,"void at::native::elementwise_kernel<(int)128, (int)4, void at::native::gpu_kernel_impl_nocast<at::native::direct_copy_kernel_cuda(at::TensorIteratorBase &)::[lambda() (instance 3)]::operator ()() const::[lambda() (instance 12)]::operator ()() const::[lambda(c10::BFloat16) (instance 1)]>(at::TensorIteratorBase &, const T1 &)::[lambda(int) (instance 1)]>(int, T3)"
0.2,34582027,9240,3742.6,3584.0,3296,4416,280.1,"void flash::flash_fwd_splitkv_combine_kernel<Flash_fwd_kernel_traits<(int)128, (int)64, (int)128, (int)4, (bool)0, (bool)0, cutlass::bfloat16_t, Flash_kernel_traits<(int)128, (int)64, (int)128, (int)4, cutlass::bfloat16_t>>, (int)4, (int)2, (bool)1>(flash::Flash_fwd_params)"
0.2,29507043,393,75081.5,69822.0,8671,1346389,91121.0,_penalties_kernel
0.1,25858481,336,76959.8,114684.5,21887,116796,45752.7,ampere_bf16_s16816gemm_bf16_64x64_ldg8_f2f_stages_64x5_tn
0.1,23097354,393,58771.9,51743.0,50686,1443731,98151.6,"void at::native::<unnamed>::cunn_SoftMaxForward<(int)4, float, float, float, at::native::<unnamed>::SoftMaxForwardEpilogue>(T4 *, const T2 *, int)"
0.1,20858479,4,5214619.8,4215802.5,4086466,8340408,2087402.5,void cutlass::Kernel2<cutlass_80_tensorop_bf16_s16816gemm_relu_bf16_256x128_32x3_tn_align8>(T1::Params)
0.1,13201791,56,235746.3,234536.5,233145,273239,6717.9,ampere_bf16_s16816gemm_bf16_128x64_ldg8_f2f_stages_32x6_tn
0.1,12905060,393,32837.3,26431.0,11872,704490,48942.7,"void flashinfer::sampling::TopPSamplingFromProbKernel<(unsigned int)1024, (cub::_V_300302_SM_890::BlockScanAlgorithm)2, (cub::_V_300302_SM_890::BlockReduceAlgorithm)2, (unsigned int)4, (bool)1, float, int>(T6 *, T7 *, bool *, T7 *, float *, float, unsigned int, unsigned long *, unsigned long, unsigned long *, unsigned long)"
0.1,10726695,393,27294.4,22879.0,3424,979265,68098.6,"void at::native::unrolled_elementwise_kernel<at::native::direct_copy_kernel_cuda(at::TensorIteratorBase &)::[lambda() (instance 3)]::operator ()() const::[lambda() (instance 7)]::operator ()() const::[lambda(float) (instance 1)], std::array<char *, (unsigned long)2>, (int)4, TrivialOffsetCalculator<(int)1, unsigned int>, TrivialOffsetCalculator<(int)1, unsigned int>, at::native::memory::LoadWithCast<(int)1>, at::native::memory::StoreWithCast<(int)1>>(int, T1, T2, T4, T5, T6, T7)"
0.1,8987711,168,53498.3,35263.0,31711,90845,26256.2,ampere_bf16_s16816gemm_bf16_128x64_ldg8_relu_f2f_stages_32x6_tn
0.0,8138918,112,72668.9,74446.0,23935,121980,48241.9,ampere_bf16_s16816gemm_bf16_64x128_ldg8_f2f_stages_64x3_tn
0.0,4701409,393,11962.9,8768.0,3200,639308,44902.4,_temperature_kernel
0.0,3736970,28,133463.2,136411.5,57214,139259,15008.5,"void at::native::vectorized_elementwise_kernel<(int)4, at::native::FillFunctor<signed char>, std::array<char *, (unsigned long)1>>(int, T2, T3)"
0.0,3334452,1180,2825.8,2848.0,2239,9919,525.7,"void at::native::index_elementwise_kernel<(int)128, (int)4, void at::native::gpu_index_kernel<void at::native::index_kernel_impl<at::native::OpaqueType<(int)4>>(at::TensorIteratorBase &, c10::ArrayRef<long>, c10::ArrayRef<long>)::[lambda(char *, const char *, long) (instance 1)]>(at::TensorIteratorBase &, c10::ArrayRef<long>, c10::ArrayRef<long>, const T1 &, bool)::[lambda(int) (instance 1)]>(long, T3)"
0.0,3114015,6,519002.5,392100.0,377012,812199,204536.5,"void at::native::mbtopk::computeBlockDigitCounts<c10::BFloat16, unsigned int, unsigned int, (int)2>(at::cuda::detail::TensorInfo<const T1, T2>, unsigned int, unsigned int *, unsigned int, T2, int, int, unsigned int, T3, T3 *, short *)"
0.0,2809190,3,936396.7,722569.0,655115,1431506,430101.7,"void at::native::mbtopk::gatherTopK<c10::BFloat16, unsigned int, (int)2>(at::cuda::detail::TensorInfo<const T1, T2>, T2, T2, bool, unsigned int, T2, at::cuda::detail::TensorInfo<T1, T2>, T2, at::cuda::detail::TensorInfo<long, T2>, T2, unsigned int, unsigned int, T1 *, unsigned int *, unsigned int *, unsigned int)"
0.0,2537137,330,7688.3,7680.0,6816,8864,292.5,"void at::native::<unnamed>::indexSelectSmallIndex<c10::BFloat16, long, unsigned int, (int)2, (int)2, (int)-2>(at::cuda::detail::TensorInfo<T1, T3>, at::cuda::detail::TensorInfo<const T1, T3>, at::cuda::detail::TensorInfo<const T2, T3>, int, int, T3, long)"
0.0,2372052,28,84716.1,84669.5,84445,85021,171.5,ampere_bf16_s1688gemm_bf16_64x128_sliced1x2_ldg8_f2f_tn
0.0,2340823,3,780274.3,544175.0,541007,1255641,411682.7,_topk_log_softmax_kernel
0.0,2180766,56,38942.3,39167.0,34559,39551,880.2,void cutlass::Kernel2<cutlass_80_tensorop_bf16_s16816gemm_relu_bf16_64x64_32x6_tn_align8>(T1::Params)
0.0,2103420,1628,1292.0,1280.0,1119,2496,156.2,"void at::native::unrolled_elementwise_kernel<at::native::direct_copy_kernel_cuda(at::TensorIteratorBase &)::[lambda() (instance 3)]::operator ()() const::[lambda() (instance 4)]::operator ()() const::[lambda(long) (instance 1)], std::array<char *, (unsigned long)2>, (int)4, TrivialOffsetCalculator<(int)1, unsigned int>, TrivialOffsetCalculator<(int)1, unsigned int>, at::native::memory::LoadWithCast<(int)1>, at::native::memory::StoreWithCast<(int)1>>(int, T1, T2, T4, T5, T6, T7)"
0.0,2005153,2,1002576.5,1002576.5,1002272,1002881,430.6,_min_p_kernel
0.0,1871621,1,1871621.0,1871621.0,1871621,1871621,0.0,"std::enable_if<!T7, void>::type internal::gemvx::kernel<int, int, __nv_bfloat16, __nv_bfloat16, __nv_bfloat16, float, (bool)0, (bool)1, (bool)1, (bool)0, (int)6, (bool)0, cublasGemvParamsEx<int, cublasGemvTensorStridedBatched<const __nv_bfloat16>, cublasGemvTensorStridedBatched<const __nv_bfloat16>, cublasGemvTensorStridedBatched<__nv_bfloat16>, float>>(T13)"
0.0,1702252,56,30397.4,30527.0,27775,30975,587.6,void cutlass::Kernel2<cutlass_80_wmma_tensorop_bf16_s161616gemm_bf16_32x32_64x2_tn_align8>(T1::Params)
0.0,1556401,458,3398.3,1248.0,1215,21951,5862.6,"void at::native::vectorized_gather_kernel<(int)16, long>(char *, char *, T2 *, int, long, long, long, long, bool)"
0.0,1511303,490,3084.3,2944.0,2432,14655,931.2,_apply_write_kernel
0.0,1486610,28,53093.2,53150.5,51326,53886,459.3,"void flash::flash_fwd_splitkv_kernel<Flash_fwd_kernel_traits<(int)128, (int)64, (int)64, (int)4, (bool)0, (bool)0, cutlass::bfloat16_t, Flash_kernel_traits<(int)128, (int)64, (int)64, (int)4, cutlass::bfloat16_t>>, (bool)0, (bool)0, (bool)0, (bool)0, (bool)1, (bool)0, (bool)0, (bool)0>(flash::Flash_fwd_params)"
0.0,1352591,395,3424.3,1664.0,1600,21152,4514.5,"void vllm::rms_norm_kernel<c10::BFloat16, (int)8, (int)2, (bool)1>(T1 *, const T1 *, long, long, long, long, long, const T1 *, long, float, int, int)"
0.0,1314642,815,1613.1,864.0,800,590637,20665.1,"void at::native::vectorized_elementwise_kernel<(int)4, at::native::FillFunctor<int>, std::array<char *, (unsigned long)1>>(int, T2, T3)"
0.0,1313330,394,3333.3,3232.0,3008,13983,650.6,_gather_block_tables_kernel
0.0,1312273,394,3330.6,3328.0,2304,4224,118.6,"void at::native::index_elementwise_kernel<(int)128, (int)4, void at::native::gpu_index_kernel<void at::native::index_kernel_impl<at::native::OpaqueType<(int)8>>(at::TensorIteratorBase &, c10::ArrayRef<long>, c10::ArrayRef<long>)::[lambda(char *, const char *, long) (instance 1)]>(at::TensorIteratorBase &, c10::ArrayRef<long>, c10::ArrayRef<long>, const T1 &, bool)::[lambda(int) (instance 1)]>(long, T3)"
0.0,1255928,3,418642.7,315446.0,314646,625836,179435.1,_ranks_kernel
0.0,1229338,56,21952.5,21888.0,21728,24063,305.1,void cutlass::Kernel2<cutlass_80_wmma_tensorop_bf16_s161616gemm_bf16_32x32_128x2_tn_align8>(T1::Params)
0.0,1166110,393,2967.2,2976.0,1600,6015,252.4,_post_update_kernel
0.0,1107115,394,2809.9,2720.0,2368,8831,443.0,_combine_sampled_and_draft_tokens_kernel
0.0,1085825,394,2755.9,2624.0,2496,13184,676.9,_get_num_sampled_and_rejected_kernel
0.0,1019012,28,36393.3,36559.0,31167,37503,1087.8,ampere_bf16_s16816gemm_bf16_128x64_ldg8_relu_f2f_stages_64x4_tn
0.0,883813,394,2243.2,2144.0,1984,4255,316.0,_compute_slot_mappings_kernel
0.0,849793,102,8331.3,2655.5,1599,613613,60544.8,"void at::native::index_elementwise_kernel<(int)128, (int)4, void at::native::index_fill_kernel_impl<at::native::OpaqueType<(int)4>>(at::TensorIterator &, long, long, long, T1)::[lambda(int) (instance 1)]>(long, T3)"
0.0,443508,394,1125.7,1120.0,1087,1568,45.2,_prepare_pos_seq_lens_kernel
0.0,361209,51,7082.5,7072.0,6016,8160,262.7,_bincount_kernel
0.0,349589,1,349589.0,349589.0,349589,349589,0.0,_gumbel_sample_kernel
0.0,336372,398,845.2,832.0,768,1344,33.1,"void <unnamed>::elementwise_kernel_with_index<int, at::native::arange_cuda_out(const c10::Scalar &, const c10::Scalar &, const c10::Scalar &, at::Tensor &)::[lambda() (instance 1)]::operator ()() const::[lambda() (instance 3)]::operator ()() const::[lambda(long) (instance 1)]>(T1, T2, function_traits<T2>::result_type *)"
0.0,275125,63,4367.1,4543.0,3167,7840,732.8,_prepare_prefill_inputs_kernel
0.0,268026,85,3153.2,928.0,896,7808,3177.4,"void at::native::vectorized_elementwise_kernel<(int)4, at::native::FillFunctor<c10::BFloat16>, std::array<char *, (unsigned long)1>>(int, T2, T3)"
0.0,189786,6,31631.0,24143.5,23295,47199,11988.6,"void at::native::mbtopk::computeBlockwiseWithinKCounts<unsigned int, c10::BFloat16>(T1 *, short *, unsigned int *, unsigned int *, unsigned int, int, bool, unsigned int *, T2 *, unsigned int *, T1 *, unsigned int)"
0.0,100669,113,890.9,864.0,863,2144,120.1,"void at::native::vectorized_elementwise_kernel<(int)4, at::native::FillFunctor<float>, std::array<char *, (unsigned long)1>>(int, T2, T3)"
0.0,74686,1,74686.0,74686.0,74686,74686,0.0,"void at::native::<unnamed>::CatArrayBatchedCopy_vectorized<at::native::<unnamed>::OpaqueType<(unsigned int)4>, unsigned int, (int)2, (int)128, (int)1, (int)16, (int)4>(char *, at::native::<unnamed>::CatArrInputTensorMetadata<T1, T2, T4, T5>, at::native::<unnamed>::TensorSizeStride<T2, (unsigned int)4>, int, T2)"
0.0,62238,1,62238.0,62238.0,62238,62238,0.0,_apply_grammar_bitmask_kernel
0.0,47934,6,7989.0,6095.5,5984,11903,3007.9,"at::native::mbtopk::computeDigitCumSum(short *, unsigned int *, unsigned int)"
0.0,43037,28,1537.0,1536.0,1503,1568,18.5,"void at::native::elementwise_kernel<(int)128, (int)2, void at::native::gpu_kernel_impl_nocast<at::native::direct_copy_kernel_cuda(at::TensorIteratorBase &)::[lambda() (instance 3)]::operator ()() const::[lambda() (instance 7)]::operator ()() const::[lambda(float) (instance 1)]>(at::TensorIteratorBase &, const T1 &)::[lambda(int) (instance 1)]>(int, T3)"
0.0,33439,1,33439.0,33439.0,33439,33439,0.0,"void at::native::vectorized_elementwise_kernel<(int)4, at::native::bfloat16_copy_kernel_cuda(at::TensorIteratorBase &)::[lambda(float) (instance 1)], std::array<char *, (unsigned long)2>>(int, T2, T3)"
0.0,20287,2,10143.5,10143.5,9631,10656,724.8,_bias_kernel
0.0,19456,1,19456.0,19456.0,19456,19456,0.0,"void at::native::elementwise_kernel<(int)128, (int)2, void at::native::gpu_kernel_impl_nocast<at::native::BinaryFunctor<float, float, float, at::native::binary_internal::MulFunctor<float>>>(at::TensorIteratorBase &, const T1 &)::[lambda(int) (instance 1)]>(int, T3)"
0.0,16736,6,2789.3,2704.0,2592,3072,201.8,"void at_cuda_detail::cub::detail::scan_by_key::DeviceScanByKeyKernel<at_cuda_detail::cub::detail::scan_by_key::policy_hub<thrust::THRUST_300001_SM_750_800_860_900_1000_1200_NS::transform_iterator<at::native::mbtopk::BlockIdxToKey, thrust::THRUST_300001_SM_750_800_860_900_1000_1200_NS::counting_iterator<unsigned int, unsigned int, thrust::THRUST_300001_SM_750_800_860_900_1000_1200_NS::use_default, thrust::THRUST_300001_SM_750_800_860_900_1000_1200_NS::use_default>, thrust::THRUST_300001_SM_750_800_860_900_1000_1200_NS::use_default, thrust::THRUST_300001_SM_750_800_860_900_1000_1200_NS::use_default>, unsigned int, unsigned int, cuda::std::__4::plus<void>>::Policy1000, thrust::THRUST_300001_SM_750_800_860_900_1000_1200_NS::transform_iterator<at::native::mbtopk::BlockIdxToKey, thrust::THRUST_300001_SM_750_800_860_900_1000_1200_NS::counting_iterator<unsigned int, unsigned int, thrust::THRUST_300001_SM_750_800_860_900_1000_1200_NS::use_default, thrust::THRUST_300001_SM_750_800_860_900_1000_1200_NS::use_default>, thrust::THRUST_300001_SM_750_800_860_900_1000_1200_NS::use_default, thrust::THRUST_300001_SM_750_800_860_900_1000_1200_NS::use_default>, unsigned int *, unsigned int *, at_cuda_detail::cub::ReduceByKeyScanTileState<unsigned int, int, (bool)1>, cuda::std::__4::equal_to<void>, cuda::std::__4::plus<void>, at_cuda_detail::cub::NullType, unsigned long long, unsigned int, unsigned int>(T2, T11 *, T3, T4, T5, int, T6, T7, T8, T9)"
0.0,13376,2,6688.0,6688.0,6112,7264,814.6,_bad_words_kernel
0.0,13087,1,13087.0,13087.0,13087,13087,0.0,"void at::native::vectorized_elementwise_kernel<(int)4, at::native::sin_kernel_cuda(at::TensorIteratorBase &)::[lambda() (instance 2)]::operator ()() const::[lambda() (instance 2)]::operator ()() const::[lambda(float) (instance 1)], std::array<char *, (unsigned long)2>>(int, T2, T3)"
0.0,12767,1,12767.0,12767.0,12767,12767,0.0,"void at::native::vectorized_elementwise_kernel<(int)4, at::native::cos_kernel_cuda(at::TensorIteratorBase &)::[lambda() (instance 2)]::operator ()() const::[lambda() (instance 2)]::operator ()() const::[lambda(float) (instance 1)], std::array<char *, (unsigned long)2>>(int, T2, T3)"
0.0,11392,3,3797.3,3776.0,3744,3872,66.6,"void at::native::mbtopk::computeBlockwiseKthCounts<unsigned int>(T1 *, short *, unsigned int, unsigned int, unsigned int *)"
0.0,9920,2,4960.0,4960.0,4768,5152,271.5,"void at::native::bitonicSortKVInPlace<(int)2, (int)-1, (int)16, (int)16, c10::BFloat16, long, at::native::GTOp<c10::BFloat16, (bool)1>, unsigned int>(at::cuda::detail::TensorInfo<T5, T8>, T8, T8, T8, at::cuda::detail::TensorInfo<T6, T8>, T8, T7)"
0.0,6943,3,2314.3,2368.0,2047,2528,244.9,"void at::native::<unnamed>::CatArrayBatchedCopy_alignedK_contig<at::native::<unnamed>::OpaqueType<(unsigned int)8>, unsigned int, (int)2, (int)128, (int)1, (int)16>(T1 *, at::native::<unnamed>::CatArrInputTensorMetadata<T1, T2, T4, T5>, at::native::<unnamed>::TensorSizeStride<T2, (unsigned int)4>, int, T2)"
0.0,5600,6,933.3,928.0,928,960,13.1,"void at_cuda_detail::cub::detail::scan_by_key::DeviceScanByKeyInitKernel<at_cuda_detail::cub::ReduceByKeyScanTileState<unsigned int, int, (bool)1>, thrust::THRUST_300001_SM_750_800_860_900_1000_1200_NS::transform_iterator<at::native::mbtopk::BlockIdxToKey, thrust::THRUST_300001_SM_750_800_860_900_1000_1200_NS::counting_iterator<unsigned int, unsigned int, thrust::THRUST_300001_SM_750_800_860_900_1000_1200_NS::use_default, thrust::THRUST_300001_SM_750_800_860_900_1000_1200_NS::use_default>, thrust::THRUST_300001_SM_750_800_860_900_1000_1200_NS::use_default, thrust::THRUST_300001_SM_750_800_860_900_1000_1200_NS::use_default>, unsigned long long>(T1, T2, cuda::std::__4::iterator_traits<T2, void>::value_type *, T3, int)"
0.0,4512,5,902.4,896.0,864,928,26.8,"void at::native::vectorized_elementwise_kernel<(int)2, at::native::FillFunctor<long>, std::array<char *, (unsigned long)1>>(int, T2, T3)"
0.0,4128,1,4128.0,4128.0,4128,4128,0.0,_prompt_logprobs_token_ids_kernel
0.0,4031,4,1007.8,992.0,927,1120,85.0,"void at::native::unrolled_elementwise_kernel<at::native::CUDAFunctorOnSelf_add<int>, std::array<char *, (unsigned long)2>, (int)4, TrivialOffsetCalculator<(int)1, unsigned int>, TrivialOffsetCalculator<(int)1, unsigned int>, at::native::memory::LoadWithoutCast, at::native::memory::StoreWithoutCast>(int, T1, T2, T4, T5, T6, T7)"
0.0,3744,3,1248.0,1280.0,1120,1344,115.4,"void at::native::mbtopk::fill<unsigned int, unsigned int>(T1 *, T1, T2)"
0.0,3712,1,3712.0,3712.0,3712,3712,0.0,"void at::native::reduce_kernel<(int)512, (int)1, at::native::ReduceOp<float, at::native::ArgMaxOps<float>, unsigned int, long, (int)4, (int)4>>(T3)"
0.0,3104,2,1552.0,1552.0,1536,1568,22.6,"void at_cuda_detail::cub::detail::scan::DeviceScanKernel<at_cuda_detail::cub::detail::scan::policy_hub<int, int, int, unsigned int, std::plus<int>>::Policy1000, const int *, int *, at_cuda_detail::cub::ScanTileState<int, (bool)1>, std::plus<int>, at_cuda_detail::cub::NullType, unsigned int, int, (bool)0, at_cuda_detail::cub::NullType>(T2, T3, T4, int, T5, T6, T7)"
0.0,3040,1,3040.0,3040.0,3040,3040,0.0,"void at::native::index_elementwise_kernel<(int)128, (int)4, void at::native::gpu_index_kernel<void at::native::index_kernel_impl<at::native::OpaqueType<(int)2>>(at::TensorIteratorBase &, c10::ArrayRef<long>, c10::ArrayRef<long>)::[lambda(char *, const char *, long) (instance 1)]>(at::TensorIteratorBase &, c10::ArrayRef<long>, c10::ArrayRef<long>, const T1 &, bool)::[lambda(int) (instance 1)]>(long, T3)"
0.0,2624,3,874.7,896.0,832,896,37.0,"void at::native::vectorized_elementwise_kernel<(int)4, at::native::FillFunctor<bool>, std::array<char *, (unsigned long)1>>(int, T2, T3)"
0.0,2432,1,2432.0,2432.0,2432,2432,0.0,"void at::native::_scatter_gather_elementwise_kernel<(int)128, (int)8, void at::native::_cuda_scatter_gather_internal_kernel<(bool)0, at::native::OpaqueType<(int)8>, long>::operator ()<at::native::TensorAssign>(at::TensorIterator &, long, long, long, const T1 &)::[lambda(int) (instance 1)]>(int, T3)"
0.0,2304,1,2304.0,2304.0,2304,2304,0.0,"void at::native::vectorized_elementwise_kernel<(int)4, at::native::FillFunctor<unsigned char>, std::array<char *, (unsigned long)1>>(int, T2, T3)"
0.0,2304,2,1152.0,1152.0,864,1440,407.3,"void <unnamed>::elementwise_kernel_with_index<int, at::native::arange_cuda_out(const c10::Scalar &, const c10::Scalar &, const c10::Scalar &, at::Tensor &)::[lambda() (instance 1)]::operator ()() const::[lambda() (instance 7)]::operator ()() const::[lambda(long) (instance 1)]>(T1, T2, function_traits<T2>::result_type *)"
0.0,2080,1,2080.0,2080.0,2080,2080,0.0,"void at::native::elementwise_kernel<(int)128, (int)4, void at::native::gpu_kernel_impl<at::native::<unnamed>::pow_tensor_tensor_kernel(at::TensorIteratorBase &)::[lambda() (instance 1)]::operator ()() const::[lambda() (instance 7)]::operator ()() const::[lambda(float, float) (instance 1)]>(at::TensorIteratorBase &, const T1 &)::[lambda(int) (instance 1)]>(int, T3)"
0.0,1664,2,832.0,832.0,800,864,45.3,"void at_cuda_detail::cub::detail::scan::DeviceScanInitKernel<at_cuda_detail::cub::ScanTileState<int, (bool)1>>(T1, int)"
0.0,1184,1,1184.0,1184.0,1184,1184,0.0,"void at::native::vectorized_elementwise_kernel<(int)4, at::native::reciprocal_kernel_cuda(at::TensorIteratorBase &)::[lambda() (instance 1)]::operator ()() const::[lambda() (instance 2)]::operator ()() const::[lambda(float) (instance 1)], std::array<char *, (unsigned long)2>>(int, T2, T3)"
0.0,1056,1,1056.0,1056.0,1056,1056,0.0,"void at::native::vectorized_elementwise_kernel<(int)4, at::native::BUnaryFunctor<float, float, float, at::native::binary_internal::MulFunctor<float>>, std::array<char *, (unsigned long)2>>(int, T2, T3)"
0.0,1023,1,1023.0,1023.0,1023,1023,0.0,"void at::native::vectorized_elementwise_kernel<(int)4, at::native::AUnaryFunctor<float, float, float, at::native::binary_internal::MulFunctor<float>>, std::array<char *, (unsigned long)2>>(int, T2, T3)"
0.0,896,1,896.0,896.0,896,896,0.0,"void at::native::vectorized_elementwise_kernel<(int)2, at::native::FillFunctor<double>, std::array<char *, (unsigned long)1>>(int, T2, T3)"
