timestamp, utilization.gpu [%], memory.used [MiB]
2026/07/26 00:23:20.651, 0 %, 6865 MiB
2026/07/26 00:23:21.656, 0 %, 6865 MiB
2026/07/26 00:23:22.657, 0 %, 6865 MiB
2026/07/26 00:23:23.659, 0 %, 6865 MiB
2026/07/26 00:23:24.660, 0 %, 6865 MiB
2026/07/26 00:23:25.660, 0 %, 6865 MiB
2026/07/26 00:23:26.661, 0 %, 6865 MiB
2026/07/26 00:23:27.661, 0 %, 6865 MiB
2026/07/26 00:23:28.661, 0 %, 6865 MiB
2026/07/26 00:23:29.661, 0 %, 6865 MiB
2026/07/26 00:23:30.662, 0 %, 6865 MiB
2026/07/26 00:23:31.662, 0 %, 6865 MiB
2026/07/26 00:23:32.662, 0 %, 6865 MiB
2026/07/26 00:23:33.662, 0 %, 6865 MiB
2026/07/26 00:23:34.663, 0 %, 6865 MiB
2026/07/26 00:23:35.663, 0 %, 6865 MiB
2026/07/26 00:23:36.663, 0 %, 6865 MiB
2026/07/26 00:23:37.664, 0 %, 6865 MiB
2026/07/26 00:23:38.664, 0 %, 6865 MiB
2026/07/26 00:23:39.664, 0 %, 6865 MiB
2026/07/26 00:23:40.665, 0 %, 6865 MiB
2026/07/26 00:23:41.665, 0 %, 6865 MiB
2026/07/26 00:23:42.665, 0 %, 6865 MiB
2026/07/26 00:23:43.665, 0 %, 6865 MiB
2026/07/26 00:23:44.666, 0 %, 6865 MiB
2026/07/26 00:23:45.666, 0 %, 6865 MiB
2026/07/26 00:23:46.666, 0 %, 6865 MiB
2026/07/26 00:23:47.667, 0 %, 6865 MiB
2026/07/26 00:23:48.667, 0 %, 6865 MiB
2026/07/26 00:23:49.667, 0 %, 6865 MiB
2026/07/26 00:23:50.668, 0 %, 6865 MiB
2026/07/26 00:23:51.668, 0 %, 6865 MiB
2026/07/26 00:23:52.668, 0 %, 6865 MiB
2026/07/26 00:23:53.669, 0 %, 6865 MiB
2026/07/26 00:23:54.669, 0 %, 6865 MiB
2026/07/26 00:23:55.669, 0 %, 6865 MiB
2026/07/26 00:23:56.669, 0 %, 6865 MiB
2026/07/26 00:23:57.670, 0 %, 6865 MiB
2026/07/26 00:23:58.670, 0 %, 6865 MiB
2026/07/26 00:23:59.670, 0 %, 6865 MiB
2026/07/26 00:24:00.670, 0 %, 6865 MiB
2026/07/26 00:24:01.671, 0 %, 6865 MiB
2026/07/26 00:24:02.671, 0 %, 6865 MiB
2026/07/26 00:24:03.671, 0 %, 6865 MiB
2026/07/26 00:24:04.671, 0 %, 6865 MiB
2026/07/26 00:24:05.672, 0 %, 6865 MiB
2026/07/26 00:24:06.672, 0 %, 6865 MiB
2026/07/26 00:24:07.672, 0 %, 6865 MiB
2026/07/26 00:24:08.672, 0 %, 6865 MiB
2026/07/26 00:24:09.673, 0 %, 6865 MiB
2026/07/26 00:24:10.673, 0 %, 6865 MiB
2026/07/26 00:24:11.673, 0 %, 6865 MiB
2026/07/26 00:24:12.674, 0 %, 6865 MiB
2026/07/26 00:24:13.674, 0 %, 6865 MiB
2026/07/26 00:24:14.703, 0 %, 6865 MiB
2026/07/26 00:24:15.742, 0 %, 6865 MiB
2026/07/26 00:24:16.777, 0 %, 6865 MiB
2026/07/26 00:24:17.806, 0 %, 6865 MiB
2026/07/26 00:24:18.833, 0 %, 6865 MiB
2026/07/26 00:24:19.856, 0 %, 6865 MiB
2026/07/26 00:24:20.877, 0 %, 6865 MiB
2026/07/26 00:24:21.894, 0 %, 6865 MiB
2026/07/26 00:24:22.910, 0 %, 6865 MiB
2026/07/26 00:24:23.923, 0 %, 6865 MiB
2026/07/26 00:24:24.936, 0 %, 6865 MiB
2026/07/26 00:24:25.946, 0 %, 6865 MiB
2026/07/26 00:24:26.955, 0 %, 6865 MiB
2026/07/26 00:24:27.964, 0 %, 6865 MiB
2026/07/26 00:24:28.971, 0 %, 6865 MiB
2026/07/26 00:24:29.978, 0 %, 6865 MiB
2026/07/26 00:24:30.984, 0 %, 6865 MiB
2026/07/26 00:24:31.989, 0 %, 6865 MiB
2026/07/26 00:24:32.995, 0 %, 6865 MiB
2026/07/26 00:24:33.999, 0 %, 6865 MiB
2026/07/26 00:24:35.003, 0 %, 6865 MiB
2026/07/26 00:24:36.007, 0 %, 6865 MiB
2026/07/26 00:24:37.010, 0 %, 6865 MiB
2026/07/26 00:24:38.014, 0 %, 6865 MiB
2026/07/26 00:24:39.017, 0 %, 6865 MiB
2026/07/26 00:24:40.020, 0 %, 6865 MiB
2026/07/26 00:24:41.022, 0 %, 6865 MiB
2026/07/26 00:24:42.024, 0 %, 6865 MiB
2026/07/26 00:24:43.027, 0 %, 6865 MiB
2026/07/26 00:24:44.029, 0 %, 6865 MiB
2026/07/26 00:24:45.031, 0 %, 6865 MiB
2026/07/26 00:24:46.034, 0 %, 6865 MiB
2026/07/26 00:24:47.034, 0 %, 6865 MiB
2026/07/26 00:24:48.034, 0 %, 6865 MiB
2026/07/26 00:24:49.035, 0 %, 6865 MiB
2026/07/26 00:24:50.035, 0 %, 6865 MiB
2026/07/26 00:24:51.036, 0 %, 6865 MiB
2026/07/26 00:24:52.036, 0 %, 6865 MiB
2026/07/26 00:24:53.036, 0 %, 6865 MiB
2026/07/26 00:24:54.037, 0 %, 6865 MiB
2026/07/26 00:24:55.037, 0 %, 6865 MiB
2026/07/26 00:24:56.038, 0 %, 6865 MiB
2026/07/26 00:24:57.038, 0 %, 6865 MiB
2026/07/26 00:24:58.038, 0 %, 6865 MiB
2026/07/26 00:24:59.039, 0 %, 6865 MiB
2026/07/26 00:25:00.039, 0 %, 6865 MiB
2026/07/26 00:25:01.039, 0 %, 6865 MiB
2026/07/26 00:25:02.039, 0 %, 6865 MiB
2026/07/26 00:25:03.040, 0 %, 6865 MiB
2026/07/26 00:25:04.040, 0 %, 6865 MiB
2026/07/26 00:25:05.040, 0 %, 6865 MiB
2026/07/26 00:25:06.041, 0 %, 6865 MiB
2026/07/26 00:25:07.041, 0 %, 6865 MiB
2026/07/26 00:25:08.041, 0 %, 6865 MiB
2026/07/26 00:25:09.041, 0 %, 6865 MiB
2026/07/26 00:25:10.042, 0 %, 6865 MiB
2026/07/26 00:25:11.042, 0 %, 6865 MiB
2026/07/26 00:25:12.042, 0 %, 6865 MiB
2026/07/26 00:25:13.043, 0 %, 6865 MiB
2026/07/26 00:25:14.043, 0 %, 6865 MiB
2026/07/26 00:25:15.043, 0 %, 6865 MiB
2026/07/26 00:25:16.043, 0 %, 6865 MiB
2026/07/26 00:25:17.044, 0 %, 6865 MiB
2026/07/26 00:25:18.044, 0 %, 6865 MiB
2026/07/26 00:25:19.044, 0 %, 6865 MiB
2026/07/26 00:25:20.045, 0 %, 6865 MiB
2026/07/26 00:25:21.045, 0 %, 6865 MiB
2026/07/26 00:25:22.045, 0 %, 6865 MiB
2026/07/26 00:25:23.045, 0 %, 6865 MiB
2026/07/26 00:25:24.045, 0 %, 6865 MiB
2026/07/26 00:25:25.046, 0 %, 6865 MiB
2026/07/26 00:25:26.046, 0 %, 6865 MiB
2026/07/26 00:25:27.046, 0 %, 6865 MiB
2026/07/26 00:25:28.046, 0 %, 6865 MiB
2026/07/26 00:25:29.047, 0 %, 6865 MiB
2026/07/26 00:25:30.047, 0 %, 6865 MiB
2026/07/26 00:25:31.047, 0 %, 6865 MiB
2026/07/26 00:25:32.047, 0 %, 6865 MiB
2026/07/26 00:25:33.048, 0 %, 6865 MiB
2026/07/26 00:25:34.048, 0 %, 6865 MiB
2026/07/26 00:25:35.048, 0 %, 6865 MiB
2026/07/26 00:25:36.049, 0 %, 6865 MiB
2026/07/26 00:25:37.049, 0 %, 6865 MiB
2026/07/26 00:25:38.049, 0 %, 6865 MiB
2026/07/26 00:25:39.049, 0 %, 6865 MiB
2026/07/26 00:25:40.050, 0 %, 6865 MiB
2026/07/26 00:25:41.050, 0 %, 6865 MiB
2026/07/26 00:25:42.050, 0 %, 6865 MiB
2026/07/26 00:25:43.050, 0 %, 6865 MiB
2026/07/26 00:25:44.051, 0 %, 6865 MiB
2026/07/26 00:25:45.051, 0 %, 6865 MiB
2026/07/26 00:25:46.051, 0 %, 6865 MiB
2026/07/26 00:25:47.051, 0 %, 6865 MiB
2026/07/26 00:25:48.052, 0 %, 6865 MiB
2026/07/26 00:25:49.052, 0 %, 6865 MiB
2026/07/26 00:25:50.052, 0 %, 6865 MiB
2026/07/26 00:25:51.053, 0 %, 6865 MiB
2026/07/26 00:25:52.053, 0 %, 6865 MiB
2026/07/26 00:25:53.053, 0 %, 6865 MiB
2026/07/26 00:25:54.053, 0 %, 6865 MiB
2026/07/26 00:25:55.054, 0 %, 6865 MiB
2026/07/26 00:25:56.054, 0 %, 6865 MiB
2026/07/26 00:25:57.054, 0 %, 6865 MiB
2026/07/26 00:25:58.055, 0 %, 6865 MiB
2026/07/26 00:25:59.055, 0 %, 6865 MiB
2026/07/26 00:26:00.055, 0 %, 6865 MiB
2026/07/26 00:26:01.055, 0 %, 6865 MiB
2026/07/26 00:26:02.056, 0 %, 6865 MiB
2026/07/26 00:26:03.056, 0 %, 6865 MiB
2026/07/26 00:26:04.056, 0 %, 6865 MiB
2026/07/26 00:26:05.057, 0 %, 6865 MiB
2026/07/26 00:26:06.057, 0 %, 6865 MiB
2026/07/26 00:26:07.057, 0 %, 6865 MiB
2026/07/26 00:26:08.057, 0 %, 6865 MiB
2026/07/26 00:26:09.058, 0 %, 6865 MiB
2026/07/26 00:26:10.058, 0 %, 6865 MiB
2026/07/26 00:26:11.058, 0 %, 6865 MiB
2026/07/26 00:26:12.058, 0 %, 6865 MiB
2026/07/26 00:26:13.059, 0 %, 6865 MiB
2026/07/26 00:26:14.059, 0 %, 6865 MiB
2026/07/26 00:26:15.059, 0 %, 6865 MiB
2026/07/26 00:26:16.059, 0 %, 6865 MiB
2026/07/26 00:26:17.059, 0 %, 6865 MiB
2026/07/26 00:26:18.060, 0 %, 6865 MiB
2026/07/26 00:26:19.060, 0 %, 6865 MiB
2026/07/26 00:26:20.060, 0 %, 6865 MiB
2026/07/26 00:26:21.061, 0 %, 6865 MiB
2026/07/26 00:26:22.061, 0 %, 6865 MiB
2026/07/26 00:26:23.061, 0 %, 6865 MiB
2026/07/26 00:26:24.061, 0 %, 6865 MiB
2026/07/26 00:26:25.061, 0 %, 6865 MiB
2026/07/26 00:26:26.478, 0 %, 6865 MiB
2026/07/26 00:26:27.478, 0 %, 6865 MiB
2026/07/26 00:26:28.478, 0 %, 6865 MiB
2026/07/26 00:26:29.479, 0 %, 6865 MiB
2026/07/26 00:26:30.479, 0 %, 6865 MiB
2026/07/26 00:26:31.479, 0 %, 6865 MiB
2026/07/26 00:26:32.479, 0 %, 6865 MiB
2026/07/26 00:26:33.480, 0 %, 6865 MiB
2026/07/26 00:26:34.480, 0 %, 6865 MiB
2026/07/26 00:26:35.480, 0 %, 6865 MiB
2026/07/26 00:26:36.480, 0 %, 6865 MiB
2026/07/26 00:26:37.481, 0 %, 6865 MiB
2026/07/26 00:26:38.481, 0 %, 6865 MiB
2026/07/26 00:26:39.481, 0 %, 6865 MiB
2026/07/26 00:26:40.481, 0 %, 6865 MiB
2026/07/26 00:26:41.482, 0 %, 6865 MiB
2026/07/26 00:26:42.482, 0 %, 6865 MiB
2026/07/26 00:26:43.482, 0 %, 6865 MiB
2026/07/26 00:26:44.482, 0 %, 6865 MiB
2026/07/26 00:26:45.483, 0 %, 6865 MiB
2026/07/26 00:26:46.483, 0 %, 6865 MiB
2026/07/26 00:26:47.483, 0 %, 6865 MiB
2026/07/26 00:26:48.483, 0 %, 6865 MiB
2026/07/26 00:26:49.484, 0 %, 6865 MiB
2026/07/26 00:26:50.484, 0 %, 6865 MiB
2026/07/26 00:26:51.484, 0 %, 6865 MiB
2026/07/26 00:26:52.484, 0 %, 6865 MiB
2026/07/26 00:26:53.485, 0 %, 6865 MiB
2026/07/26 00:26:54.485, 0 %, 6865 MiB
2026/07/26 00:26:55.485, 0 %, 6865 MiB
2026/07/26 00:26:56.486, 0 %, 6865 MiB
2026/07/26 00:26:57.486, 0 %, 6865 MiB
2026/07/26 00:26:58.486, 0 %, 6865 MiB
2026/07/26 00:26:59.486, 0 %, 6865 MiB
2026/07/26 00:27:00.486, 0 %, 6865 MiB
2026/07/26 00:27:01.487, 0 %, 6865 MiB
2026/07/26 00:27:02.487, 0 %, 6865 MiB
2026/07/26 00:27:03.487, 0 %, 6865 MiB
2026/07/26 00:27:04.487, 0 %, 6865 MiB
2026/07/26 00:27:05.488, 0 %, 6865 MiB
2026/07/26 00:27:06.488, 0 %, 6865 MiB
2026/07/26 00:27:07.488, 0 %, 6865 MiB
2026/07/26 00:27:08.488, 0 %, 6865 MiB
2026/07/26 00:27:09.489, 0 %, 6865 MiB
2026/07/26 00:27:10.489, 0 %, 6865 MiB
2026/07/26 00:27:11.489, 0 %, 6865 MiB
2026/07/26 00:27:12.489, 0 %, 6865 MiB
2026/07/26 00:27:13.490, 0 %, 6865 MiB
2026/07/26 00:27:14.490, 0 %, 6865 MiB
2026/07/26 00:27:15.490, 0 %, 6865 MiB
2026/07/26 00:27:16.490, 0 %, 6865 MiB
2026/07/26 00:27:17.491, 0 %, 6865 MiB
2026/07/26 00:27:18.491, 0 %, 6865 MiB
2026/07/26 00:27:19.491, 0 %, 6865 MiB
2026/07/26 00:27:20.491, 0 %, 6865 MiB
2026/07/26 00:27:21.491, 0 %, 6865 MiB
2026/07/26 00:27:22.492, 0 %, 6865 MiB
2026/07/26 00:27:23.492, 0 %, 6865 MiB
2026/07/26 00:27:24.492, 0 %, 6865 MiB
2026/07/26 00:27:25.492, 0 %, 6865 MiB
2026/07/26 00:27:26.493, 0 %, 6865 MiB
2026/07/26 00:27:27.493, 0 %, 6865 MiB
2026/07/26 00:27:28.493, 0 %, 6865 MiB
2026/07/26 00:27:29.493, 0 %, 6865 MiB
2026/07/26 00:27:30.494, 0 %, 6865 MiB
2026/07/26 00:27:31.494, 0 %, 6865 MiB
2026/07/26 00:27:32.494, 0 %, 6865 MiB
2026/07/26 00:27:33.508, 0 %, 6865 MiB
2026/07/26 00:27:34.534, 0 %, 6865 MiB
2026/07/26 00:27:35.556, 0 %, 6865 MiB
2026/07/26 00:27:36.577, 0 %, 6865 MiB
2026/07/26 00:27:37.594, 0 %, 6865 MiB
2026/07/26 00:27:38.609, 0 %, 6865 MiB
2026/07/26 00:27:39.623, 0 %, 6865 MiB
2026/07/26 00:27:40.635, 0 %, 6865 MiB
2026/07/26 00:27:41.646, 0 %, 6865 MiB
2026/07/26 00:27:42.655, 0 %, 6865 MiB
2026/07/26 00:27:43.663, 0 %, 6865 MiB
2026/07/26 00:27:44.671, 0 %, 6865 MiB
2026/07/26 00:27:45.677, 0 %, 6865 MiB
2026/07/26 00:27:46.683, 0 %, 6865 MiB
2026/07/26 00:27:47.689, 0 %, 6865 MiB
2026/07/26 00:27:48.694, 0 %, 6865 MiB
2026/07/26 00:27:49.698, 0 %, 6865 MiB
2026/07/26 00:27:50.703, 100 %, 6865 MiB
2026/07/26 00:27:51.706, 100 %, 6865 MiB
2026/07/26 00:27:52.709, 100 %, 6865 MiB
2026/07/26 00:27:53.713, 100 %, 6865 MiB
2026/07/26 00:27:54.715, 100 %, 6865 MiB
2026/07/26 00:27:55.718, 100 %, 6865 MiB
2026/07/26 00:27:56.720, 100 %, 6865 MiB
2026/07/26 00:27:57.722, 100 %, 6865 MiB
2026/07/26 00:27:58.725, 100 %, 6865 MiB
2026/07/26 00:27:59.727, 100 %, 6865 MiB
2026/07/26 00:28:00.729, 100 %, 6865 MiB
2026/07/26 00:28:01.731, 0 %, 6865 MiB
2026/07/26 00:28:02.732, 0 %, 6865 MiB
2026/07/26 00:28:03.733, 0 %, 6865 MiB
2026/07/26 00:28:04.735, 0 %, 6865 MiB
2026/07/26 00:28:05.736, 0 %, 6865 MiB
2026/07/26 00:28:06.736, 0 %, 6865 MiB
2026/07/26 00:28:07.737, 0 %, 6865 MiB
2026/07/26 00:28:08.737, 0 %, 6865 MiB
2026/07/26 00:28:09.738, 0 %, 6865 MiB
2026/07/26 00:28:10.738, 0 %, 6865 MiB
2026/07/26 00:28:11.739, 0 %, 6865 MiB
2026/07/26 00:28:12.739, 0 %, 6865 MiB
2026/07/26 00:28:13.739, 0 %, 6865 MiB
2026/07/26 00:28:14.739, 0 %, 6865 MiB
2026/07/26 00:28:15.740, 0 %, 6865 MiB
2026/07/26 00:28:16.740, 0 %, 6865 MiB
2026/07/26 00:28:17.740, 0 %, 6865 MiB
2026/07/26 00:28:18.740, 0 %, 6865 MiB
2026/07/26 00:28:19.741, 0 %, 6865 MiB
2026/07/26 00:28:20.741, 0 %, 6865 MiB
2026/07/26 00:28:21.741, 0 %, 6865 MiB
2026/07/26 00:28:22.741, 0 %, 6865 MiB
2026/07/26 00:28:23.742, 0 %, 6865 MiB
2026/07/26 00:28:24.742, 0 %, 6865 MiB
2026/07/26 00:28:25.742, 0 %, 6865 MiB
2026/07/26 00:28:26.780, 0 %, 6865 MiB
2026/07/26 00:28:27.782, 0 %, 6865 MiB
2026/07/26 00:28:28.783, 0 %, 6865 MiB
2026/07/26 00:28:29.783, 0 %, 6865 MiB
2026/07/26 00:28:30.783, 0 %, 6865 MiB
2026/07/26 00:28:31.783, 0 %, 6865 MiB
2026/07/26 00:28:32.784, 0 %, 6865 MiB
